id;type;description
1;Senior;../fake-data/blob/hipster.txt
2;overriding ADP Rustic Granite Shoes;../fake-data/blob/hipster.txt
3;Tasty;../fake-data/blob/hipster.txt
4;zero tolerance;../fake-data/blob/hipster.txt
5;HDD intangible;../fake-data/blob/hipster.txt
6;invoice;../fake-data/blob/hipster.txt
7;infomediaries hard drive Tactics;../fake-data/blob/hipster.txt
8;Minnesota Iowa;../fake-data/blob/hipster.txt
9;Alabama Ranch white;../fake-data/blob/hipster.txt
10;productize B2B Buckinghamshire;../fake-data/blob/hipster.txt
